Specimen ID,Tag Color,CT Partner ID,Full Caste,Caste,Social Phenotype (From Excavation),Videoname,Video #,Oocyte Width (mm),Oocyte Length (mm),IT Span (mm),Head Width (mm),With Brood?,Has Pollen?,Nest Letter,Additional Notes,Specimen ID (copied),Vitellogenesis?,Yellow Bodies Present?,# of Adult Nestmates,"If Brood Present, What Brood?",Nest ID,Date Collected,Ovarian Index,Remove?,,
5,P,503,pre-worker social foundress,queen,social,20230619_113305_TR,6,0.196,0.217,2.066,1.702,Yes,No,F,,5,Yes,Yes,0,"3 pupae, 1 decapitated",F-KO-001,20230619,0.105033882,,,
7,B,506,pre-worker social foundress,queen,social,20230619_105703_TR,2,0.122,0.216,1.954,1.593,Yes,No,F,pre-worker formation,7,Yes,Yes,0,1 pigmented pupa,F-KO-002,20230619,0.110542477,,,"solitaries: laying solitary foundress, post-laying solitary foundress, or non-reproductive (newly eclosed)"
8,P,25,pre-worker social foundress,queen,social,20230619_105703_BR,4,0.201,0.408,1.771,1.487,Yes,No,F,pre-worker formation,8,Yes,Yes,0,"6 pupae, 4 pigmented & 1 decapitated",F-KO-003,20230619,0.230378317,,,"socials: pre-worker social foundress, laying (reproductive brood) queen, post (worker brood)-laying queen, worker"
14,B,502,pre-worker social foundress,queen,social,20230619_113305_BL,7,0.22,0.225,1.685,1.609,Yes,,F,,14,Yes,Yes,0,1 pupa decapitated,KO-004,20230619,0.133531157,,,
21,P,505,pre-worker social foundress,queen,social,20230619_105703_TL,1,0.101,0.254,1.815,1.7,Yes,No,F,pre-worker formation,21,Yes,Yes,0,"3 pupae,  2 pigmented",F-KO-008,20230619,0.139944904,,,
25,B,8,pre-worker social foundress,queen,social,20230619_105703_BR,4,0.191,0.32,1.789,1.584,Yes,,F,presumed reproductive; pre-worker formation,25,Yes,Yes,0,2 pigmented pupae,F-KO-009,20230619,0.178870878,,,
29,B,31,pre-worker social foundress,queen,social,20230619_113305_TL,5,0.227,0.369,1.943,1.69,Yes,,F,presumed reproductive; pre-worker formation,29,Yes,Yes,0,3 pigmented pupae,F-KO-010,20230619,0.189912506,,,
31,P,29,pre-worker social foundress,queen,social,20230619_113305_TL,5,0.476,2.091,1.934,1.633,Yes,,F,pre-worker formation,31,Yes,No,0,Brood squished,F-KO-007,20230619,1.081178904,,,
35,B,510,post-laying solitary foundress,solitary,solitary,20230620_100614_TL,9,0.237,0.324,2.124,1.62,,No,B,,35,Yes,Yes,0,,B-KO-012,20230620,0.152542373,,,
36,B,514,post-laying solitary foundress,solitary,solitary,20230620_102938_BL,15,0.174,0.267,1.848,1.608,Yes,Yes,B,,36,Yes,Yes,0,1 squished larvae,B-KO-011,20230620,0.144480519,,,
37,B,258,post-laying solitary foundress,solitary,solitary,20230620_102938_BR,16,0.219,0.173,1.704,1.527,Yes,No,A,,37,Yes,Yes,0,"3 pupae, 1 squished",A-KO-016,20230620,0.101525822,,,
41,B,518,post-laying solitary foundress,solitary,solitary,20230620_100614_BL,11,0.185,0.258,1.801,1.576,Yes,No,A,"head flew off and got lost, found it later but it got thawed out",41,Yes,No,0,1 larvae,A-KO-017,20230620,0.143253748,,,
47,B,511,laying solitary foundress,solitary,solitary,20230620_102938_TR,14,0.419,0.7,1.888,1.713,Yes,,A,,47,Yes,No,0,1 larvae,A-KO-020,20230620,0.370762712,,,
48,B,513,post-laying solitary foundress,solitary,solitary,20230620_100614_BR,12,0.234,0.298,1.821,1.546,,,A,,48,Yes,Yes,0,,A-KO-023,20230620,0.163646348,,,
50,B,520,post-laying solitary foundress,solitary,solitary,20230620_100614_TR,10,0.18,0.266,1.787,1.593,No,,A,,50,Yes,Yes,0,,A-KO-022,20230620,0.148852826,,,
54,B,533,pre-worker social foundress,queen,social,20230621_103344_TL,22,0.188,0.286,1.738,1.531,Yes,,F,could have drifted into other foundress's nest,54,Yes,Yes,1,1 pigmented pupae,F-KO-025,20230621,0.164556962,,,
56,B,538,pre-worker social foundress,queen,social,20230621_103344_BL,24,0.264,0.315,1.735,1.606,Yes,,F,could have drifted into other foundress's nest,56,Yes,Yes,1,1 pigmented pupae,F-KO-025,20230621,0.181556196,,,
58,B,536,pre-worker social foundress,queen,social,20230621_100453_BR,21,0.311,0.591,1.628,1.439,Yes,,F,everything a bit deteriorated,58,Yes,Yes,1,1 pigmented female pupa & 1 left-out male pupa,F-KO-026,20230621,0.363022113,,,
61,B,263,pre-worker social foundress,queen,social,20230621_100453_TR,19,0.236,0.237,1.782,1.531,Yes,,E,,61,Yes,Yes,0,2 squished pupae,E-KO-027,20230621,0.132996633,,,
63,B,541,pre-worker social foundress,queen,social,20230621_103344_TR,23,0.193,0.232,1.995,1.701,Yes,,E,,63,Yes,Yes,0,1 pigmented pupae,E-KO-028,20230621,0.116290727,,,
66,B,264,pre-worker social foundress,queen,social,20230621_100453_BL,20,0.25,0.252,1.811,1.556,Yes,,E,,66,Yes,Yes,0,2 pigmented pupae,E-KO-029,20230621,0.139149641,,,
71,B,262,pre-worker social foundress,queen,social,20230621_100453_TL,18,0.186,0.218,1.664,1.583,Yes,No,E,,71,Yes,Yes,0,3 pigmented pupae,E-KO-030,20230621,0.131009615,,,
76,B,564,post-laying solitary foundress,solitary,solitary,20230622_110242_TL,34,0.169,0.225,1.839,1.596,Yes,No,A,,76,Yes,No,0,"3 pupae, 1 decapitated",A-KO-030,20230622,0.122349103,,,
77,B,553,post-laying solitary foundress,solitary,solitary,20230622_110242_TR,35,0.222,0.305,1.766,1.589,Yes,,A,,77,Yes,Yes,0,1 pupa & 1 squished white-eyed larva,A-KO-032,20230622,0.172706682,,,
83,P,559,post-laying solitary foundress,solitary,solitary,20230622_100409_TL,26,0.257,0.274,1.816,1.686,Yes,,A,,83,Yes,Yes,0,3 pupae,A-KO-033,20230622,0.150881057,,,
89,B,562,post-laying solitary foundress,solitary,solitary,20230622_100409_TR,27,0.156,0.254,1.789,1.431,Yes,,A,,89,Yes,Yes,0,1 white-eyed pupa & 1 squished larva,A-KO-037,20230622,0.141978759,,,
92,B,276,post-laying solitary foundress,solitary,solitary,20230622_110242_BR,37,0.2,0.279,1.898,1.664,Yes,,A,,92,Yes,Yes,1,1 squished larva,A-KO-039,20230622,0.146996839,,,
93,B,563,post-laying solitary foundress,solitary,solitary,20230622_112700_TL,38,0.177,0.253,1.864,1.558,Yes,No,A,black tag is missing from tube,93,Yes,Yes,0,2 squished white-eyed larvae,A-KO-038,20230622,0.135729614,,,
95,B,550,post-laying solitary foundress,solitary,solitary,20230622_100409_BL,28,0.295,0.515,1.779,1.659,Yes,,A,,95,Yes,Yes,0,2 squished larvae,A-KO-041,20230622,0.289488477,,,
97,B,574,post-laying solitary foundress,solitary,solitary,20230622_100409_BR,29,0.123,0.128,1.863,1.629,,No,A,black melanized scar tissue on gut,97,Yes,Yes,0,,A-KO-043,20230622,0.068706388,,,
100,B,590,pre-worker social foundress,queen,social,20230623_101414_BL,44,0.567,1.792,1.899,1.611,Yes,No,E,,100,Yes,Yes,0,"2 pupae, 1 pigmented and both about to eclose & 2 left-out male pupae",E-KO-044,20230623,0.943654555,,,
107,B,595,N/A,,social,20230623_101414_BR,45,N/A,N/A,1.666,1.505,Yes,,E,"looked weak; late stage fungal infection, everything deteriorated",107,N/A,N/A,0,Brood lost,E-KO-047,20230623,,Yes,,
114,B,602,post-laying queen,queen,social,20230623_101414_TL,42,0.254,0.286,1.973,1.625,Yes,No,E,,114,Yes,Yes,1,"Unclear, at least some pupae close to eclosion",E-KO-049,20230623,0.144956918,,,
118,B,585,pre-worker social foundress,queen,social,20230623_103946_TR,47,0.528,1.311,1.792,1.531,Yes,No,E,,118,Yes,Yes,0,"3 pupae, 2 squished",E-KO-050,20230623,0.731584821,,,
119,B,579,pre-worker social foundress,queen,social,20230623_103946_BR,49,0.178,0.248,2.098,1.647,Yes,,E,,119,Yes,Yes,0,Brood lost,E-KO-051,20230623,0.118207817,,,
120,B,280,pre-worker social foundress,queen,social,20230623_110124_BL,52,0.136,0.104,1.649,1.585,Yes,No,E,,120,Yes,Yes,0,"2 pupae, 1 about to eclose (eclosed to male) & 1 lost",E-KO-052,20230623,0.063068526,,,
123,B,598,pre-worker social foundress,queen,social,20230623_101414_TR,43,0.62,2.348,1.841,1.591,Yes,,E,,123,Yes,Yes,0,1 pupa,E-KO-054,20230623,1.275393808,,,
124,B,588,pre-worker social foundress,queen,social,20230623_103946_TL,46,0.618,2.718,1.863,1.674,Yes,No,E,,124,Yes,No,0,2 pupae lost,E-KO-056,20230623,1.458937198,,,
127,B,281,pre-worker social foundress,queen,social,20230623_110124_TL,50,0.203,0.21,1.628,1.624,Yes,,E,,127,Yes,No,0,1 squished female pupa about to eclose,E-KO-058,20230623,0.128992629,,,
164,P,184,post-laying queen,queen,social,20230627_094040_TR,73,0.173,0.299,1.76,1.602,Yes,,D,"non-nestmates, post-workers (F1)",164,Yes,Yes,1,"2 brood, 1 is a pigmented pupa",D-SW-008,20230627,0.169886364,,,
167,P,180,pre-worker social foundress,queen,social,20230627_100844_TL,76,0.402,1.578,1.803,1.573,,,D,"non-nestmates, post-workers (F1)",167,Yes,Yes,0,,D-SW-007,20230627,0.875207987,,,
168,B,174,pre-worker social foundress,queen,social,20230627_091930_TR,69,0.31,0.368,1.629,1.535,,,D,"non-nestmates, post-workers (F1)",168,Yes,No,0,,D-SW-009,20230627,0.225905463,,,
169,B,181,worker,worker,social,20230627_091930_TL,68,0,0,1.853,1.597,,,D,"non-nestmates, post-workers (F1)",169,No,No,1,,D-SW-010,20230627,0,,,
170,P,172,worker,worker,social,20230627_091930_BR,71,0.186,0.234,1.814,1.602,,No,E,post-workers (F1); reproductive worker?,170,Yes,No,1,,E-KO-066,20230627,0.128996692,Yes,,
171,B,185,worker,worker,social,20230627_094040_TL,72,0.189,0.239,1.744,1.522,,,E,post-workers (F1); reproductive worker?,171,Yes,No,1,,E-KO-066,20230627,0.137041284,,,
172,B,170,N/A,,social,20230627_091930_BR,71,N/A,N/A,1.58,1.402,Yes,,E,"post-workers (F1); has a fungal infection, all abdominal tissue was very deteriorated and stringy",172,N/A,N/A,0,1 large larva,E-KO-067,20230627,,Yes,,
174,P,168,laying queen,queen,social,20230627_091930_TR,69,0.519,1.445,1.896,1.554,No,Yes,E,post-workers (F1),174,Yes,Yes,3,1 pollen ball,E-KO-068,20230627,0.762130802,,,
176,P,179,worker,worker,social,20230627_094040_BL,74,0,0,1.704,1.471,No,Yes,E,post-workers (F1),176,No,No,3,1 pollen ball,E-KO-068,20230627,0,,,
177,B,182,worker,worker,social,20230627_094040_BR,75,0.154,0.151,1.72,1.527,No,Yes,E,post-workers (F1); reproductive worker?,177,No,No,3,1 pollen ball,E-KO-068,20230627,0.087790698,,,
179,B,176,laying queen,queen,social,20230627_094040_BL,74,0.643,2.573,1.769,1.496,No,Yes,E,post-workers (F1),179,Yes,No,3,At least 7 pollen balls,E-KO-072,20230627,1.454494064,,,
180,B,167,worker,worker,social,20230627_100844_TL,76,0.149,0.15,1.792,1.489,No,Yes,E,post-workers (F1); small fungal infection,180,No,No,3,At least 7 pollen balls,E-KO-072,20230627,0.083705357,,,
181,P,169,worker,worker,social,20230627_091930_TL,68,0,0,1.749,1.504,No,Yes,E,post-workers (F1),181,No,No,3,At least 7 pollen balls,E-KO-072,20230627,0,,,
182,P,177,laying queen,queen,social,20230627_094040_BR,75,0.569,2.735,1.975,1.59,,Yes,E,post-workers (F1),182,Yes,No,1,,E-KO-073,20230627,1.384810127,,,
183,P,187,worker,worker,social,20230627_100844_TR,77,0,0,1.693,1.434,,Yes,E,post-workers (F1); small fungal infection,183,No,No,1,,E-KO-073,20230627,0,,,
184,B,164,worker,worker,social,20230627_094040_TR,73,0,0,1.882,1.5,,Yes,E,"post-workers (F1); right wing apex popped off, has a fungal infection",184,No,No,2,,E-KO-075,20230627,0,,,
185,P,171,laying queen,queen,social,20230627_094040_TL,72,0.297,0.517,1.873,1.67,,,E,post-workers (F1),185,Yes,No,2,,E-KO-075,20230627,0.276027763,,,
187,B,183,post-laying queen,queen,social,20230627_100844_TR,77,0.281,0.405,1.952,1.651,,,D,"non-nestmates, post-workers (F1)",187,Yes,No,1,,D-SW-010,20230627,0.207479508,,,
197,P,648,worker,worker,social,20230628_094632_TR,89,0,0,1.855,1.549,,Yes,E,small fungal infection,197,No,No,2,,E-KO-077,20230628,0,,,
198,P,315,laying queen,queen,social,20230628_100719_TL,92,0.538,2.134,1.894,1.515,,Yes,E,,198,Yes,No,2,,E-KO-077,20230628,1.126715945,,,
201,P,651,worker,worker,social,20230628_092349_BL,86,0,0,1.692,1.559,,No,E,1 adult female lost during excavation,201,No,No,2,,E-KO-078,20230628,0,,,
203,P,647,worker,worker,social,20230628_094632_BL,90,0.282,0.282,1.786,1.567,,No,E,reproductive worker?,203,Yes,Yes,2,,E-KO-080,20230628,0.157894737,,,
204,P,646,worker,worker,social,20230628_094632_BR,91,0.188,0.199,1.629,1.439,,No,E,,204,No,No,2,,E-KO-080,20230628,0.122160835,,,
206,P,312,worker,worker,social,20230628_100719_BL,94,0,0,1.569,1.429,,No,E,"abdominal tissues are really mushy and deteriorated, notable brown-colored decay",206,No,No,3,,E-KO-081,20230628,0,,,
210,P,650,worker,worker,social,20230628_092349_BR,87,0.12,0.176,1.619,1.527,,,E,other adult females lost during excavation; purple tag is missing from tube,210,No,No,At least 2,,E-KO-082,20230628,0.10870908,,,
211,P,649,laying queen,queen,social,20230628_094632_TL,88,0.532,2.273,1.752,1.601,,No,E,,211,Yes,Yes,2,,E-KO-083,20230628,1.297374429,,,
212,P,652,worker,worker,social,20230628_092349_TR,85,0.167,0.234,1.668,1.512,,,E,"cap label doesn’t match tube label, so I went with tube label ",212,No,No,2,,E-KO-083,20230628,0.14028777,,,
216,P,653,laying queen,queen,social,20230628_092349_TL,84,0.516,2.308,1.867,1.528,,,E,duplicated nest code as July 3 bees,216,Yes,Yes,2,,E-KO-084,20230628,1.23620782,,,
222,P,223,laying queen,queen,social,20230703_110806_TL,119,0.263,0.376,1.726,1.486,,,E,,222,Yes,No,1,,E-SW-015,20230703,0.217844728,,,
223,B,222,worker,worker,social,20230703_110806_TL,119,0.151,0.144,1.794,1.579,,,E,,223,No,No,1,,E-SW-015,20230703,0.080267559,,,
224,P,237,laying queen,queen,social,20230703_110806_TR,120,0.403,1.135,1.842,1.501,,,E,,224,Yes,No,1,,E-SW-016,20230703,0.616178067,,,
233,P,235,worker,worker,social,20230703_101841_TL,111,0.269,0.663,1.793,1.525,,Yes,E,reproductive worker?,233,Yes,No,2,,E-KO-083,20230703,0.369771333,,,
235,B,233,laying queen,queen,social,20230703_101841_TL,111,0.599,2.886,1.991,1.613,,Yes,E,,235,Yes,No,2,,E-KO-083,20230703,1.449522853,,,
237,B,224,worker,worker,social,20230703_110806_TR,120,0.534,1.115,1.85,1.611,,,E,left wing apex came off with super glue on tag; reproductive worker with development very close to queen's,237,Yes,No,1,,E-SW-016,20230703,0.602702703,,,
238,P,239,worker,worker,social,20230703_110806_BL,121,0.494,1.502,1.863,1.513,,,E,1 adult female lost during excavation; reproductive worker with development very close to queen's,238,Yes,No,2,,E-SW-017,20230703,0.806226516,,,
239,B,238,laying queen,queen,social,20230703_110806_BL,121,0.58,2.331,1.725,1.584,,,E,1 adult female lost during excavation,239,Yes,No,2,,E-SW-017,20230703,1.351304348,,,
242,P,243,laying queen,queen,social,20230703_101841_TR,112,0.511,2.207,1.871,1.619,,Yes,E,nest partners lost during excavation,242,Yes,No,At least 2,,E-KO-084,20230703,1.179583111,,,
243,B,242,worker,worker,social,20230703_101841_TR,112,0.209,0.43,1.778,1.507,,Yes,E,nest partners lost during excavation; reproductive worker?,243,No,No,At least 2,,E-KO-084,20230703,0.241844769,,,
245,P,247,laying queen,queen,social,20230703_101841_BL,113,0.56,2.361,2.019,1.721,,Yes,E,logged as a pupa but clearly an adult in tube,245,Yes,No,At least 1,,E-KO-090,20230703,1.169390788,,,
247,B,245,worker,worker,social,20230703_101841_BL,113,0.185,0.277,1.752,1.522,,Yes,E,reproductive worker?,247,Yes,No,At least 1,,E-KO-090,20230703,0.158105023,,,
258,P,37,post-laying solitary foundress,solitary,solitary,20230620_102938_BR,16,0.223,0.302,1.766,1.497,Yes,No,AB,Right on border of A and B sites,258,Yes,Yes,0,1 pupa,AB-JS-001,20230620,0.171007928,,,
262,P,71,worker,worker,social,20230621_100453_TL,18,0.196,0.362,1.899,1.646,Yes,No,E,reproductive worker?,262,Yes,Yes,2,"2 pupae, 1 pigmented and about to eclose & 1 lost",E-JS-002,20230621,0.190626646,,,
263,P,61,laying queen,queen,social,20230621_100453_TR,19,0.518,2.387,1.816,1.623,Yes,No,E,,263,Yes,Yes,2,"2 pupae, 1 pigmented and about to eclose & 1 lost",E-JS-002,20230621,1.314427313,,,
264,P,66,worker,worker,social,20230621_100453_BL,20,0.311,0.548,1.635,1.602,Yes,No,E,reproductive worker?,264,Yes,Yes,2,"2 pupae, 1 pigmented and about to eclose & 1 lost",E-JS-002,20230621,0.335168196,,,
276,P,92,post-laying solitary foundress,solitary,solitary,20230622_110242_BR,37,0.249,0.271,1.954,1.749,,No,B,,276,Yes,Yes,0,,B-JS-008,20230622,0.138689867,,,
280,P,120,pre-worker social foundress,queen,social,20230623_110124_BL,52,0.452,0.982,1.757,1.558,,No,E,,280,Yes,Yes,0,,E-JS-001,20230623,0.558907228,,,
281,P,127,pre-worker social foundress,queen,social,20230623_110124_TL,50,0.221,0.283,1.8,1.589,Yes,No,D,,281,Yes,Yes,0,"3 pupae, 1 pigemented female & 2 male",D-JS-001,20230623,0.157222222,,,
287,B,582,laying solitary foundress,solitary,solitary,20230623_103946_BL,48,0.34,0.747,1.777,1.518,,,C,,287,Yes,No,0,,C-JS-003,20230623,0.420371412,,,
302,P,633,laying solitary foundress,solitary,solitary,20230627_103010_TL,80,0.28,0.451,1.878,1.586,Yes,No,CD,,302,Yes,Yes,0,"3 pupae, 1 pigmented and about to eclose, 1 squished",CD-JS-001,20230627,0.240149095,,,
305,P,638,laying solitary foundress,solitary,solitary,20230627_100844_BL,78,0.578,0.973,1.828,1.642,No,No,CD,,305,Yes,Yes,0,,CD-JS-002,20230627,0.532275711,,,
306,P,631,laying solitary foundress,solitary,solitary,20230627_103010_TR,81,0.232,0.338,1.904,1.647,Yes,No,,"found in dirt pile while refilling hole, could be associated with CD-JS-001",306,Yes,No,0,"3 pupae, 1 pigmented and about to eclose, 1 squished",,20230627,0.177521008,,,
307,P,644,post-laying solitary foundress,solitary,solitary,20230627_100844_BR,79,0.206,0.193,1.761,1.527,Yes,No,C,lost purple tag while imaging,307,Yes,Yes,0,1 pupa,C-JS-010,20230627,0.10959682,,,
309,P,632,post-laying solitary foundress,solitary,solitary,20230627_103010_BL,82,0.27,0.282,1.744,1.534,Yes,No,C,,309,Yes,Yes,0,"2 pupae, 1 squished",C-JS-011,20230627,0.161697248,,,
312,B,206,laying queen,queen,social,20230628_100719_BL,94,0.383,0.748,1.887,1.569,,No,D,1 male in nest too; has some signs of decay but otherwise healthy organs,312,Yes,No,2,,D-JS-010,20230628,0.396396396,,,
315,B,198,worker,worker,social,20230628_100719_TL,92,0.143,0.149,1.655,1.522,,No,D,found with a much larger female in nest; small fungal infection and tissue kind of mushy,315,Yes,No,2,,D-JS-011,20230628,0.090030211,,,
321,P,322,worker,worker,social,20230703_112856_BL,125,0,0,1.979,1.531,Yes,No,F,"found at top of nest, forager probably",321,No,No,2,,F-JS-001,20230703,0,,,
322,B,321,worker,worker,social,20230703_112856_BL,125,0.17,0.226,1.8,1.528,Yes,No,F,"found in middle of nest above another nestmate, forager probably",322,No,No,2,,F-JS-001,20230703,0.125555556,,,
325,P,326,laying queen,queen,social,20230703_104609_TL,115,0.323,0.549,1.777,1.504,,Yes,E,some nest partners lost; second ovary was slightly bigger but had a yellowish liquid in it that burst open and spilled,325,Yes,No,At least 2,,E-KO-092,20230703,0.308947665,,,
326,B,325,worker,worker,social,20230703_104609_TL,115,0.21,0.278,1.653,1.505,,,E,some nest partners lost; reproductive worker?,326,Yes,No,At least 2,,E-KO-092,20230703,0.168179068,,,
335,P,336,laying queen,queen,social,20230703_112856_TL,123,0.288,0.294,1.703,1.489,,,E,,335,Yes,No,3,,E-SW-018,20230703,0.172636524,,,
336,B,335,worker,worker,social,20230703_112856_TL,123,0.132,0.228,1.814,1.438,,,E,,336,Yes,Yes,3,,E-SW-018,20230703,0.125689085,,,
337,B,338,worker,worker,social,20230703_110806_BR,122,0.237,0.446,1.734,1.478,,,E,reproductive worker?,337,Yes,No,3,,E-SW-018,20230703,0.257208766,,,
338,P,337,worker,worker,social,20230703_110806_BR,122,0.199,0.304,1.72,1.441,,,E,reproductive worker?,338,Yes,No,3,,E-SW-018,20230703,0.176744186,,,
339,P,340,laying queen,queen,social,20230703_112856_TR,124,0.512,2.811,2.018,1.699,,,E,,339,Yes,No,2,,E-SW-020,20230703,1.39296333,,,
340,B,339,worker,worker,social,20230703_112856_TR,124,0,0,1.651,1.439,,,E,,340,No,No,2,,E-SW-020,20230703,0,,,
345,B,346,worker,worker,social,20230703_112856_BR,126,0.284,0.506,1.825,1.42,Yes,No,F,"first found, probably worker",345,Yes,No,2,,F-JS-003,20230703,0.277260274,,,
346,P,345,worker,worker,social,20230703_112856_BR,126,0.272,0.354,1.663,1.49,Yes,No,F,"second found, probably worker",346,Yes,No,2,,F-JS-003,20230703,0.21286831,,,
349,B,350,worker,worker,social,20230703_115028_TR,128,0.219,0.369,1.846,1.554,Yes,No,F,"first found, probably worker; reproductive worker",349,Yes,No,2,,F-JS-004,20230703,0.199891658,,,
350,P,349,laying queen,queen,social,20230703_115028_TR,128,0.547,2.384,1.609,1.511,Yes,No,F,"second found, probably worker",350,Yes,No,2,,F-JS-004,20230703,1.481665631,,,
502,P,14,post-laying solitary foundress,solitary,solitary,20230619_113305_BL,7,0.235,0.291,1.927,1.572,No,No,,"bee probably from adjacent nest, had no powder on her, found near C site",502,Yes,Yes,0,,,20230619,0.151011936,,,
503,B,5,laying solitary foundress,solitary,solitary,20230619_113305_TR,6,0.54,2.216,1.851,1.655,No,No,C,"only bee found in nest, no cells found. Presumed early season solitary foundress",503,Yes,Yes,0,,C-EW-001,20230619,1.197190708,,,
505,B,21,pre-worker social foundress,queen,social,20230619_105703_TL,1,0.164,0.286,1.852,1.601,Yes,No,D,presumed to be social foundress; pre-worker formation,505,Yes,Yes,0,3 pupae crushed,D-EW-002,20230619,0.154427646,,,
506,P,7,pre-worker social foundress,queen,social,20230619_105703_TR,2,0.191,0.214,2.04,1.626,Yes,No,E,shallow nest; pre-worker formation,506,Yes,Yes,0,2 pigmented pupae,E-EW-003,20230619,0.104901961,,,
510,P,35,post-laying solitary foundress,solitary,solitary,20230620_100614_TL,9,0.221,0.195,1.675,1.537,,,,"no excavation notes found, phenotype based on lab notebook scan",510,Yes,Yes,,,,20230620,0.11641791,,,
511,P,47,post-laying solitary foundress,solitary,solitary,20230620_102938_TR,14,0.282,0.366,1.968,1.597,Yes,No,B,purple tag is missing from tube,511,Yes,Yes,0,"3 pale female pupae squished, 2 5th instar larvae",B-EW-005,20230620,0.18597561,,,
513,P,48,post-laying solitary foundress,solitary,solitary,20230620_100614_BR,12,0.18,0.271,1.69,1.533,No,No,B,"shallow nest; entered as 413 ""bee behavioral details"" dataset",513,Yes,Yes,0,,B-EW-006,20230620,0.16035503,,,
514,P,36,post-laying solitary foundress,solitary,solitary,20230620_102938_BL,15,0.237,0.281,1.89,1.596,Yes,No,B,shallow nest,514,Yes,Yes,0,"2 pale pupae, 1 5th instar larva",B-EW-007,20230620,0.148677249,,,
518,P,41,post-laying solitary foundress,solitary,solitary,20230620_100614_BL,11,0.194,0.436,1.945,1.604,Yes,No,B,shallow nest,518,Yes,Yes,0,1 5th instar larva,B-EW-008,20230620,0.224164524,,,
520,P,50,post-laying solitary foundress,solitary,solitary,20230620_100614_TR,10,0.242,0.389,1.915,1.557,Yes,No,B,shallow nest,520,Yes,No,0,"2 pale female pupae, 1 pale male pupa, 1 5th instar larva",B-EW-009,20230620,0.203133159,,,
533,P,54,pre-worker social foundress,queen,social,20230621_103344_TL,22,0.163,0.291,1.814,1.536,Yes,No,F,,533,Yes,Yes,0,"3 lightly pigmented pupae, 1 squished",F-EW-012,20230621,0.160418964,,,
536,P,58,pre-worker social foundress,queen,social,20230621_100453_BR,21,0.169,0.303,1.771,1.547,Yes,No,F,,536,Yes,Yes,0,"2 pigmented pupae, 1 squished",F-EW-013,20230621,0.17108978,,,
538,P,56,pre-worker social foundress,queen,social,20230621_103344_BL,24,0.17,0.263,1.854,1.606,Yes,No,F,,538,Yes,No,0,2 moderately pigmented pupae,F-EW-014,20230621,0.141855448,,,
541,P,63,pre-worker social foundress,queen,social,20230621_103344_TR,23,0.208,0.352,1.947,1.569,Yes,No,E,,541,Yes,Yes,0,3 pigmented pupae,E-EW-015,20230621,0.18079096,,,
550,P,95,post-laying solitary foundress,solitary,solitary,20230622_100409_BL,28,0.169,0.133,1.807,1.533,Yes,No,A,,550,Yes,Yes,0,2 pupae,A-EW-018,20230622,0.073602656,,,
553,P,77,post-laying solitary foundress,solitary,solitary,20230622_110242_TR,35,0.163,0.238,1.77,1.504,Yes,No,A,,553,Yes,Yes,0,1 pale pupa & 1 squished 5th instar larva,A-EW-019,20230622,0.134463277,,,
559,B,83,post-laying solitary foundress,solitary,solitary,20230622_100409_TL,26,0.205,0.311,1.749,1.457,Yes,No,A,,559,Yes,Yes,0,1 pale pupa & 1 5th instar larva,A-EW-022,20230622,0.177815895,,,
562,P,89,post-laying solitary foundress,solitary,solitary,20230622_100409_TR,27,0.216,0.294,1.804,1.508,Yes,No,A,,562,Yes,Yes,0,"1 pale pupa & 1 5th instar larva, both squished",A-EW-023,20230622,0.162971175,,,
563,P,93,post-laying solitary foundress,solitary,solitary,20230622_112700_TL,38,0.198,0.306,1.834,1.499,Yes,No,A,,563,Yes,No,0,"2 pale pupae, squished",A-EW-024,20230622,0.166848419,,,
564,P,76,post-laying solitary foundress,solitary,solitary,20230622_110242_TL,34,0.286,0.393,1.675,1.531,Yes,No,A,,564,Yes,Yes,0,2 pale pupae & 1 small 5th instar larva,A-EW-025,20230622,0.234626866,,,
574,P,97,post-laying solitary foundress,solitary,solitary,20230622_100409_BR,29,0.259,0.288,1.886,1.584,Yes,No,A,,574,Yes,Yes,0,2 squished pale pupae & 1 5th instar larva,A-EW-029,20230622,0.152704136,,,
579,P,119,post-laying solitary foundress,solitary,solitary,20230623_103946_BR,49,0.198,0.243,1.677,1.517,Yes,No,B,,579,Yes,Yes,0,"3 pale pupae, 1 squished",B-EW-030,20230623,0.14490161,,,
582,P,287,post-laying solitary foundress,solitary,solitary,20230623_103946_BL,48,0.238,0.374,1.807,1.55,Yes,No,B,,582,Yes,Yes,0,1 pale female pupa & 1 pale male pupa,B-EW-031,20230623,0.206972883,,,
585,P,118,post-laying solitary foundress,solitary,solitary,20230623_103946_TR,47,0.225,0.297,1.788,1.575,Yes,No,B,,585,Yes,Yes,0,1 pale pupa & 1 5th instar larva,B-EW-032,20230623,0.166107383,,,
588,P,124,post-laying solitary foundress,solitary,solitary,20230623_103946_TL,46,0.224,0.251,1.952,1.65,Yes,No,B,,588,Yes,Yes,0,1 pale pupa,B-EW-033,20230623,0.128586066,,,
590,P,100,post-laying solitary foundress,solitary,solitary,20230623_101414_BL,44,0.122,0.217,1.792,1.531,Yes,No,B,,590,Yes,Yes,0,3 pale pupae & 1 5th instar larva,B-EW-034,20230623,0.12109375,,,
595,P,107,post-laying solitary foundress,solitary,solitary,20230623_101414_BR,45,0.269,0.39,1.958,1.603,Yes,No,B,,595,Yes,Yes,0,2 pale pupae,B-EW-035,20230623,0.19918284,Yes,,
598,P,123,post-laying solitary foundress,solitary,solitary,20230623_101414_TR,43,0.229,0.291,1.786,1.633,Yes,No,B,,598,Yes,Yes,0,3 pale pupae,B-EW-036,20230623,0.162933931,,,
602,P,114,post-laying solitary foundress,solitary,solitary,20230623_101414_TL,42,0.165,0.178,1.819,N/A,Yes,No,B,head flew off and got lost,602,Yes,Yes,0,1 pale female pupa & 1 pale male pupa,B-EW-037,20230623,0.097855965,,,
631,B,306,pre-worker social foundress,queen,social,20230627_103010_TR,81,0.268,0.388,1.794,1.57,,No,D,,631,Yes,No,1,,D-EW-051,20230627,0.216276477,,,
632,B,309,pre-worker social foundress,queen,social,20230627_103010_BL,82,0.183,0.331,1.851,1.501,,No,D,,632,Yes,No,1,,D-EW-051,20230627,0.178822258,,,
633,B,302,pre-worker social foundress,queen,social,20230627_103010_TL,80,0.235,0.309,1.813,1.503,Yes,No,D,,633,Yes,No,0,3 pigmented pupae,D-EW-052,20230627,0.170435742,,,
638,B,305,pre-worker social foundress,queen,social,20230627_100844_BL,78,0.24,0.27,1.867,1.5,Yes,No,D,,638,Yes,No,0,4 pigmented pupae,D-EW-053,20230627,0.144617033,,,
644,B,307,pre-worker social foundress,queen,social,20230627_100844_BR,79,0.228,0.338,1.764,1.481,Yes,No,D,,644,Yes,Yes,0,1 pigmented pupa,D-EW-054,20230627,0.191609977,,,
646,B,204,worker,worker,social,20230628_094632_BR,91,0.2,0.214,1.653,1.452,No,No,F,"1 adult female lost during excavation, 1 empty brood cell",646,Yes,No,2,,F-EW-056,20230628,0.129461585,,,
647,B,203,laying queen,queen,social,20230628_094632_BL,90,0.405,0.972,1.869,1.647,No,No,F,"1 adult female lost during excavation, 1 empty brood cell",647,Yes,No,2,,F-EW-056,20230628,0.520064205,,,
648,B,197,worker,worker,social,20230628_094632_TR,89,0.16,0.177,1.719,1.459,No,No,F,"1 adult female got squished, 1 partially provisioned and 1 empty brood cell",648,Yes,No,2,,F-EW-057,20230628,0.102966841,,,
649,B,211,worker,worker,social,20230628_094632_TL,88,0.196,0.234,1.752,1.501,No,No,F,"1 adult female got squished, 1 partially provisioned and 1 empty brood cell",649,Yes,No,2,,F-EW-057,20230628,0.133561644,,,
650,B,210,laying queen,queen,social,20230628_092349_BR,87,0.295,1.407,1.655,1.375,No,No,F,"1 adult female got squished, 1 partially provisioned brood cell",650,Yes,Yes,1,,F-EW-058,20230628,0.850151057,,,
651,B,201,worker,worker,social,20230628_092349_BL,86,0,0,1.789,1.469,No,No,F,attempting to forage,651,No,No,2,,F-EW-059,20230628,0,,,
652,B,212,worker,worker,social,20230628_092349_TR,85,0.159,0.161,1.798,1.495,No,No,F,"second found, probably guard",652,Yes,No,2,,F-EW-059,20230628,0.089543938,,,
653,B,216,laying queen,queen,social,20230628_092349_TL,84,0.483,2.004,1.82,1.565,No,No,F,"deepest female, probably queen",653,Yes,No,2,,F-EW-059,20230628,1.101098901,,,
667,P,668,worker,worker,social,20230703_104609_TR,116,0.209,0.254,1.763,1.567,No,No,F,other female likely queen; lost purple tag while imaging,667,No,No,2,,F-EW-070,20230703,0.144072604,,,
668,B,667,worker,worker,social,20230703_104609_TR,116,0.196,0.196,1.844,1.52,No,No,F,other female likely queen,668,No,No,2,,F-EW-070,20230703,0.106290672,,,
670,P,671,worker,worker,social,20230703_104609_BL,117,0.173,0.233,1.703,1.532,No,No,F,"guard bee, bottom bee squished",670,Yes,No,2,,F-EW-071,20230703,0.136817381,,,
671,B,670,worker,worker,social,20230703_104609_BL,117,0.158,0.172,1.895,1.548,No,No,F,"middle bee, bottom bee squished",671,No,No,2,,F-EW-071,20230703,0.090765172,,,
674,B,675,worker,worker,social,20230703_104609_BR,118,0.203,0.351,1.845,1.509,Yes,No,F,reproductive worker?,674,Yes,No,2,2 eggs & 2 pollen balls,F-EW-072,20230703,0.190243902,,,
675,P,674,laying queen,queen,social,20230703_104609_BR,118,0.544,2.008,1.821,1.553,Yes,No,F,,675,Yes,No,2,2 eggs & 2 pollen balls,F-EW-072,20230703,1.102690829,,,
